{
  "name": "Alias Color Theme",
  "type": "dark",
  "colors": {
    "editor.foreground": "#FFFFFF",
    "editor.background": "#000000",
    "editor.selectionBackground": "#264F78",
    "editor.lineHighlightBackground": "#333333",
    "editorCursor.foreground": "#FFFFFF",
    "editorWhitespace.foreground": "#404040"
  },
  "tokenColors": [
    {
      "scope": "comment.line.semicolon",
      "settings": {
        "foreground": "#3e4a38"
      }
    },
    {
      "scope": "comment.line.default",
      "settings": {
        "foreground": "#3e4a38"
      }
    },
    {
      "scope": "keyword.control.native-dot-command",
      "settings": {
        "foreground": "#FF0000"
      }
    },
    {
      "scope": "keyword.other.alias-command",
      "settings": {
        "foreground": "#00FF00"
      }
    },
    {
      "scope": "variable.parameter.alias-variable",
      "settings": {
        "foreground": "#800080"
      }
    },
    {
      "scope": "variable.parameter.alias-function",
      "settings": {
        "foreground": "#DDA0DD"
      }
    },
    {
      "scope": "variable.parameter.alias-argument-variable",
      "settings": {
        "foreground": "#FFD700"
      }
    }
  ]
}
