{
  "name": "Alias Color Theme",
  "type": "dark",
  "colors": {},
  "tokenColors": [
    {
      "scope": "comment.line.alias",
      "settings": {
        "foreground": "#606060"  // Dark Grey for comments
      }
    },
    {
      "scope": "keyword.control.native.alias",
      "settings": {
        "foreground": "#FF0000"  // Red for native dot commands
      }
    },
    {
      "scope": "variable.alias",
      "settings": {
        "foreground": "#800080"  // Purple for variables
      }
    },
    {
      "scope": "variable.function.alias",
      "settings": {
        "foreground": "#D8BFD8"  // Light Purple for alias functions
      }
    },
    {
      "scope": "variable.parameter.alias",
      "settings": {
        "foreground": "#FFD700"  // Yellow for alias arguments
      }
    },
    {
      "scope": "string.url.alias",
      "settings": {
        "foreground": "#A0A0A0",  // Light grey for URLs
        "fontStyle": "italic"
      }
    },
    {
      "scope": "keyword.control.custom.alias",
      "settings": {
        "foreground": "#00FF00"  // Green for custom dot commands
      }
    }
  ]
}
