{
  "name": "Alias",
  "scopeName": "source.alias",
  "patterns": [
    {
      "include": "#comments"
    },
    {
      "include": "#native-dot-commands"
    },
    {
      "include": "#alias-commands"
    },
    {
      "include": "#alias-variables"
    },
    {
      "include": "#alias-functions"
    },
    {
      "include": "#alias-argument-variables"
    }
  ],
  "repository": {
    "comments": {
      "patterns": [
        {
          "name": "comment.line.semicolon",
          "match": ";.*"
        },
        {
          "name": "comment.line.default",
          "match": "^[^\\s.].*"
        }
      ]
    },
    "native-dot-commands": {
      "patterns": [
        {
          "name": "keyword.control.native-dot-command",
          "match": "^\\.\\d+\\.$"
        },
        {
          "name": "keyword.control.native-dot-command",
          "match": "^\\.\\d+$"
        },
        {
          "name": "keyword.control.native-dot-command",
          "match": "^\\.(acinfo|am RTE|atis|autotrack|chat|clear|contactme|copy|fp|metar|wx|msg|openurl|reloadaliases|showlogs|showprofiles|ver|wallop|secondaryfreqs|ff)$"
        }
      ]
    },
    "alias-commands": {
      "patterns": [
        {
          "name": "keyword.other.alias-command",
          "match": "^(\\s*\\.\\w+)"
        }
      ]
    },
    "alias-variables": {
      "patterns": [
        {
          "name": "variable.parameter.alias-variable",
          "match": "\\$(squawk|route|arr|dep|cruise|calt|callsign|aircraft|com1|myrealname|winds|time|alt|temp)"
        }
      ]
    },
    "alias-functions": {
      "patterns": [
        {
          "name": "variable.parameter.alias-function",
          "match": "\\$(context|metar|altim|wind|type|radioname|freq|atccallsign|dist|bear|oclock|ftime|uc|lc)\\(\\)"
        }
      ]
    },
    "alias-argument-variables": {
      "patterns": [
        {
          "name": "variable.parameter.alias-argument-variable",
          "match": "\\$\\d+"
        }
      ]
    }
  }
}
