{
  "name": "Alias",
  "scopeName": "source.alias",
  "fileTypes": ["alias"],
  "patterns": [
    {
      "name": "comment.line.alias",
      "match": "^[^\\s\\.].*$|;.*$"
    },
    {
      "name": "keyword.control.native.alias",
      "match": "(?i)\\.(##\\.|##|acinfo|am\\ RTE|atis|autotrack|chat|clear|contactme|copy|ff|fp|metar|wx|msg|openurl|reloadaliases|showlogs|showprofiles|ver|wallop|secondaryfreqs)\\b"
    },
    {
      "name": "variable.alias",
      "match": "(?i)\\$[a-zA-Z]+\\b"
    },
    {
      "name": "variable.function.alias",
      "match": "(?i)\\$[a-zA-Z]+\\([^\\)]+\\)"
    },
    {
      "name": "variable.parameter.alias",
      "match": "(?i)\\$\\d+\\b"
    },
    {
      "name": "string.url.alias",
      "match": "\\bhttps?:\\/\\/[^\\s]+"
    },
    {
      "name": "keyword.control.custom.alias",
      "match": "^\\.[a-zA-Z0-9]+"
    }
  ],
  "repository": {},
  "scopeName": "source.alias"
}
