{
  "name": "Alias",
  "scopeName": "source.alias",
  "fileTypes": ["alias"],
  "patterns": [
    {
      "name": "comment.line.alias",
      "match": "^[^\\s\\.].*$|;.*$"
    },
    {
      "name": "keyword.control.native.alias",
      "match": "\\.(##\\.|##|acinfo|am\\ RTE|atis|autotrack|chat|clear|contactme|copy|fp|metar|wx|msg|openurl|reloadaliases|showlogs|showprofiles|ver|wallop|secondaryfreqs)\\b"
    },
    {
      "name": "variable.alias",
      "match": "\\$[a-zA-Z]+"
    },
    {
      "name": "variable.function.alias",
      "match": "\\$[a-zA-Z]+\\([a-zA-Z]+\\)"
    },
    {
      "name": "variable.parameter.alias",
      "match": "\\$\\d+"
    },
    {
      "name": "string.url.alias",
      "match": "\\bhttps?:\\/\\/[^\\s]+"
    },
    {
      "name": "keyword.control.custom.alias",
      "match": "^\\.[a-zA-Z]+"
    }
  ],
  "repository": {},
  "scopeName": "source.alias"
}
